{ "user": [{"id":"2","email":"k@mica.com","f_name":"mica","l_name":"kica","password":"1234567","datum_rodj":null,"pol":null,"phone":null,"drzava":null},{"id":"3","email":"pwice.4pro@gmail.com","f_name":"Djordje","l_name":"Jankovic","password":"123","datum_rodj":null,"pol":null,"phone":null,"drzava":null},{"id":"4","email":"pwiceaa.4pro@gmail.com","f_name":"Djordje","l_name":"Jankovic","password":"123","datum_rodj":null,"pol":null,"phone":null,"drzava":null},{"id":"5","email":"as@d.c","f_name":"Djordje","l_name":"Jankovic","password":"123","datum_rodj":null,"pol":null,"phone":null,"drzava":null},{"id":"6","email":"asd","f_name":"Igor","l_name":"Funkcija","password":"asd","datum_rodj":null,"pol":null,"phone":null,"drzava":null},{"id":"7","email":"123","f_name":"Igor","l_name":"Funkcija","password":"123","datum_rodj":null,"pol":null,"phone":null,"drzava":null},{"id":"8","email":"igor64424@gmail.com","f_name":"dksasadjiajd","l_name":"das","password":"1234","datum_rodj":null,"pol":null,"phone":null,"drzava":null},{"id":"9","email":"igor64424@gmail.com","f_name":"dksasadjiajd","l_name":"das","password":"12345","datum_rodj":null,"pol":null,"phone":null,"drzava":null},{"id":"10","email":"igor64424@gmail.com","f_name":"dksasadjiajd","l_name":"das","password":"123","datum_rodj":null,"pol":null,"phone":null,"drzava":null},{"id":"11","email":"das@gasdj.com","f_name":"asd","l_name":"sads","password":"dsdad","datum_rodj":null,"pol":null,"phone":null,"drzava":null},{"id":"12","email":"das@gasdj.com","f_name":"asd","l_name":"sads","password":"123","datum_rodj":null,"pol":null,"phone":null,"drzava":null},{"id":"13","email":"jkol@gmail.com","f_name":"asd","l_name":"asd","password":"123","datum_rodj":null,"pol":null,"phone":null,"drzava":null},{"id":"14","email":"adsad@gmail.com","f_name":"ime","l_name":"prezime","password":"123","datum_rodj":null,"pol":null,"phone":null,"drzava":null},{"id":"15","email":"adsad@gmail.com","f_name":"ime","l_name":"prezime","password":"123","datum_rodj":null,"pol":null,"phone":null,"drzava":null},{"id":"16","email":"fassda@gmail.com","f_name":"asd","l_name":"asdasd","password":"123","datum_rodj":null,"pol":null,"phone":null,"drzava":null}]}